{
    "loss": 0.07697544991970062,
    "accuracy": 0.9703288078308105
}